Melissa,Adam,melissa.adam@hotmail.com,SP22-002
Sandra,Bullock,sandra.adam@hotmail.com,SP22-003
Henry,Mick,henry@gmail.com,SP22-004
Mitchelle,sam,mitch@gmail.com,SP22-005
Ellen,degenres,ellen@gmail.com,SP22-006
Zack,hill,zack@gmail.com,SP22-007